qid;imageurl;person;personLabel;personDescription;wikipediaEN
http://www.wikidata.org/entity/Q1159009;http://commons.wikimedia.org/wiki/Special:FilePath/Jack%20Carter%201949.JPG;http://www.wikidata.org/entity/Q1676993;Jack Carter;Comedian and actor (1922-2015);https://en.wikipedia.org/wiki/Jack_Carter_(comedian)
http://www.wikidata.org/entity/Q1159009;http://commons.wikimedia.org/wiki/Special:FilePath/Dragna%201915.JPG;http://www.wikidata.org/entity/Q1677023;Jack Dragna;American mobster (1891-1956);https://en.wikipedia.org/wiki/Jack_Dragna
http://www.wikidata.org/entity/Q1159009;http://commons.wikimedia.org/wiki/Special:FilePath/Formazione%20Juventus%201905%20%28Diment%29.jpg;http://www.wikidata.org/entity/Q1677017;Jack Diment;football player;https://en.wikipedia.org/wiki/Jack_Diment
http://www.wikidata.org/entity/Q1159009;http://commons.wikimedia.org/wiki/Special:FilePath/Belden.png;http://www.wikidata.org/entity/Q1676975;Jack Belden;American author and war correspondent (1910–1989);https://en.wikipedia.org/wiki/Jack_Belden
http://www.wikidata.org/entity/Q1159009;http://commons.wikimedia.org/wiki/Special:FilePath/Portrait%20of%20Jack%20Cole%20LCCN2004662721.jpg;http://www.wikidata.org/entity/Q1677001;Jack Cole;choreographer (1911-1974);https://en.wikipedia.org/wiki/Jack_Cole_(choreographer)
http://www.wikidata.org/entity/Q1159009;http://commons.wikimedia.org/wiki/Special:FilePath/Cartoonist%20Jack%20Davis.jpg;http://www.wikidata.org/entity/Q1677016;Jack Davis;American cartoonist (1924–2016);https://en.wikipedia.org/wiki/Jack_Davis_(cartoonist)
http://www.wikidata.org/entity/Q1159009;http://commons.wikimedia.org/wiki/Special:FilePath/Jack%20Costanzo%202003.jpg;http://www.wikidata.org/entity/Q1677004;Jack Costanzo;American musician (1919–2018);https://en.wikipedia.org/wiki/Jack_Costanzo
http://www.wikidata.org/entity/Q1159009;http://commons.wikimedia.org/wiki/Special:FilePath/Jack%20Dyer.jpg;http://www.wikidata.org/entity/Q1677019;Jack Dyer;Australian rules footballer, coach and commentator (1913–2003);https://en.wikipedia.org/wiki/Jack_Dyer
http://www.wikidata.org/entity/Q1159009;http://commons.wikimedia.org/wiki/Special:FilePath/Jackbinion.jpg;http://www.wikidata.org/entity/Q1676976;Jack Binion;American businessman;https://en.wikipedia.org/wiki/Jack_Binion
http://www.wikidata.org/entity/Q1159009;http://commons.wikimedia.org/wiki/Special:FilePath/Jack%20Walton.jpg;http://www.wikidata.org/entity/Q1676987;John Calloway Walton;American politician (1881-1949);https://en.wikipedia.org/wiki/Jack_C._Walton
http://www.wikidata.org/entity/Q677191;http://commons.wikimedia.org/wiki/Special:FilePath/James%20Brolin%202013%20%28cropped%29.jpg;http://www.wikidata.org/entity/Q315051;James Brolin;American actor;https://en.wikipedia.org/wiki/James_Brolin
http://www.wikidata.org/entity/Q677191;http://commons.wikimedia.org/wiki/Special:FilePath/James%20Hopwood%20Jeans.jpg;http://www.wikidata.org/entity/Q315545;James Hopwood Jeans;British mathematician and astronomer (1877 – 1946);https://en.wikipedia.org/wiki/James_Jeans
http://www.wikidata.org/entity/Q677191;http://commons.wikimedia.org/wiki/Special:FilePath/James%20Morrison%20%40%20The%20Hammersmith%20Apollo.jpg;http://www.wikidata.org/entity/Q316301;James Morrison;British singer;https://en.wikipedia.org/wiki/James_Morrison_(singer)
http://www.wikidata.org/entity/Q677191;http://commons.wikimedia.org/wiki/Special:FilePath/James%20Christy%20%281978%29.jpg;http://www.wikidata.org/entity/Q315845;James W. Christy;American astronomer;https://en.wikipedia.org/wiki/James_W._Christy
http://www.wikidata.org/entity/Q677191;http://commons.wikimedia.org/wiki/Special:FilePath/Jim%20Braddock.jpg;http://www.wikidata.org/entity/Q317017;James J. Braddock;American boxer (1905-1974);https://en.wikipedia.org/wiki/James_J._Braddock
http://www.wikidata.org/entity/Q677191;http://commons.wikimedia.org/wiki/Special:FilePath/2014%20AHA%20Hero%20Dog%20Awards%20Celebrity%20Hosts%20James%20Denton%20and%20Beth%20Stern%20cropped.jpg;http://www.wikidata.org/entity/Q317516;James Denton;American actor;https://en.wikipedia.org/wiki/James_Denton
http://www.wikidata.org/entity/Q677191;http://commons.wikimedia.org/wiki/Special:FilePath/James%20Doohan%20Scotty%20Star%20Trek.JPG;http://www.wikidata.org/entity/Q318412;James Doohan;Canadian actor (1920–2005);https://en.wikipedia.org/wiki/James_Doohan
http://www.wikidata.org/entity/Q677191;http://commons.wikimedia.org/wiki/Special:FilePath/James%20R.%20Hoffa%20NYWTS.jpg;http://www.wikidata.org/entity/Q317638;Jimmy Hoffa;American labor union leader (1913–1975);https://en.wikipedia.org/wiki/Jimmy_Hoffa
http://www.wikidata.org/entity/Q677191;http://commons.wikimedia.org/wiki/Special:FilePath/James%20E.%20Abbe%20by%20Maurice%20Goldberg.jpg;http://www.wikidata.org/entity/Q321301;James Abbe;American photographer (1883-1973);https://en.wikipedia.org/wiki/James_Abbe
http://www.wikidata.org/entity/Q677191;http://commons.wikimedia.org/wiki/Special:FilePath/Jim%20Lightbody.jpg;http://www.wikidata.org/entity/Q318952;James Lightbody;American middle distance runner (1882-1953);https://en.wikipedia.org/wiki/Jim_Lightbody
http://www.wikidata.org/entity/Q2424149;http://commons.wikimedia.org/wiki/Special:FilePath/Benjamin%20Goodhue%20by%20Wright%201790%20%28page%20425%20crop%29.jpg;http://www.wikidata.org/entity/Q817516;Benjamin Goodhue;American politician (1748-1814);https://en.wikipedia.org/wiki/Benjamin_Goodhue
http://www.wikidata.org/entity/Q2424149;http://commons.wikimedia.org/wiki/Special:FilePath/Benjamin%20Eaton%20circa%201885%20%28cropped%29.jpg;http://www.wikidata.org/entity/Q817530;Benjamin Harrison Eaton;Union Army officer (1833-1904);https://en.wikipedia.org/wiki/Benjamin_Harrison_Eaton
http://www.wikidata.org/entity/Q2424149;http://commons.wikimedia.org/wiki/Special:FilePath/BenjaminHBunn.jpg;http://www.wikidata.org/entity/Q817526;Benjamin H. Bunn;American politician (1844-1907);https://en.wikipedia.org/wiki/Benjamin_H._Bunn
http://www.wikidata.org/entity/Q2424149;http://commons.wikimedia.org/wiki/Special:FilePath/Benjamin%20Hardin.jpg;http://www.wikidata.org/entity/Q817528;Benjamin Hardin;American politician (1784-1852);https://en.wikipedia.org/wiki/Benjamin_Hardin
http://www.wikidata.org/entity/Q2424149;http://commons.wikimedia.org/wiki/Special:FilePath/Benjamin%20Godard%2001.jpg;http://www.wikidata.org/entity/Q817524;Benjamin Godard;French violinist and composer (1849–1895);https://en.wikipedia.org/wiki/Benjamin_Godard
http://www.wikidata.org/entity/Q2424149;http://commons.wikimedia.org/wiki/Special:FilePath/Benjamin%20H.%20Clover%20%28Kansas%20Congressman%29.jpg;http://www.wikidata.org/entity/Q817527;Benjamin H. Clover;American politician (1837-1899);https://en.wikipedia.org/wiki/Benjamin_H._Clover
http://www.wikidata.org/entity/Q2424149;http://commons.wikimedia.org/wiki/Special:FilePath/Benjamin%20Gorka.jpg;http://www.wikidata.org/entity/Q817514;Benjamin Gorka;German footballer;https://en.wikipedia.org/wiki/Benjamin_Gorka
http://www.wikidata.org/entity/Q2424149;http://commons.wikimedia.org/wiki/Special:FilePath/Tour%20de%20l%27Ain%202014%20-%20Stage%203%20-%20Benjamin%20Giraud.jpg;http://www.wikidata.org/entity/Q817507;Benjamin Giraud;French bicycle racer;https://en.wikipedia.org/wiki/Benjamin_Giraud
http://www.wikidata.org/entity/Q2424149;http://commons.wikimedia.org/wiki/Special:FilePath/Benjamin%20Helm%20Bristow%2C%20Brady-Handy%20bw%20photo%20portrait%2C%20ca%201870-1880.jpg;http://www.wikidata.org/entity/Q817531;Benjamin Helm Bristow;Union Army officer, lawyer, politician (1832-1896);https://en.wikipedia.org/wiki/Benjamin_Bristow
http://www.wikidata.org/entity/Q2424149;http://commons.wikimedia.org/wiki/Special:FilePath/Benjamin%20Huger%2C%20head-and-shoulders%20portrait%2C%20right%20profile%20LCCN2007675938.jpg;http://www.wikidata.org/entity/Q817545;Benjamin Huger;American politician (1768-1823);https://en.wikipedia.org/wiki/Benjamin_Huger_(congressman)
http://www.wikidata.org/entity/Q3284319;http://commons.wikimedia.org/wiki/Special:FilePath/10.12.12JoshMiddletonByLuigiNovi2.jpg;http://www.wikidata.org/entity/Q6290061;Joshua Middleton;American artist and designer;https://en.wikipedia.org/wiki/Joshua_Middleton
http://www.wikidata.org/entity/Q3284319;http://commons.wikimedia.org/wiki/Special:FilePath/StateLibQld%201%2086924%20Sketch%20of%20Sir%20Joshua%20Peter%20Bell.jpg;http://www.wikidata.org/entity/Q6290121;Joshua Peter Bell;Australian politician (1827-1881);https://en.wikipedia.org/wiki/Joshua_Peter_Bell
http://www.wikidata.org/entity/Q3284319;http://commons.wikimedia.org/wiki/Special:FilePath/2011%20Rostelecom%20Cup%20-%20Cain%26Reagan-4%20%28cropped%29%20-%20Joshua%20Reagan.jpg;http://www.wikidata.org/entity/Q6290150;Joshua Reagan;American pair skater;https://en.wikipedia.org/wiki/Joshua_Reagan
http://www.wikidata.org/entity/Q3284319;http://commons.wikimedia.org/wiki/Special:FilePath/Joshua%20Major%20%281786-1866%29.png;http://www.wikidata.org/entity/Q6290040;Joshua Major;English landscape designer (1786–1866);https://en.wikipedia.org/wiki/Joshua_Major
http://www.wikidata.org/entity/Q3284319;http://commons.wikimedia.org/wiki/Special:FilePath/Marquisj.jpg;http://www.wikidata.org/entity/Q6290050;Joshua Marquis;American politician and lawyer;https://en.wikipedia.org/wiki/Joshua_Marquis
http://www.wikidata.org/entity/Q3284319;http://commons.wikimedia.org/wiki/Special:FilePath/Josh%20McGuire%20at%20Mr%20Turner%20premiere.jpg;http://www.wikidata.org/entity/Q6290057;Joshua McGuire;British actor;https://en.wikipedia.org/wiki/Joshua_McGuire
http://www.wikidata.org/entity/Q3284319;http://commons.wikimedia.org/wiki/Special:FilePath/Joshua%20Richmond%20Rio%202016.jpg;http://www.wikidata.org/entity/Q6290155;Joshua Richmond;American sport shooter;https://en.wikipedia.org/wiki/Joshua_Richmond
http://www.wikidata.org/entity/Q3284319;http://commons.wikimedia.org/wiki/Special:FilePath/Joshua%20Poteat.jpg;http://www.wikidata.org/entity/Q6290129;Joshua Poteat;American writer;https://en.wikipedia.org/wiki/Joshua_Poteat
http://www.wikidata.org/entity/Q3284319;http://commons.wikimedia.org/wiki/Special:FilePath/J%20Pusey%20c1895.jpg;http://www.wikidata.org/entity/Q6290138;Joshua Pusey;American inventor;https://en.wikipedia.org/wiki/Joshua_Pusey
http://www.wikidata.org/entity/Q3284319;http://commons.wikimedia.org/wiki/Special:FilePath/Joshua%20Ledet%20at%20the%20White%20House.jpg;http://www.wikidata.org/entity/Q6290013;Joshua Ledet;singer;https://en.wikipedia.org/wiki/Joshua_Ledet
http://www.wikidata.org/entity/Q3943046;http://commons.wikimedia.org/wiki/Special:FilePath/Ryan%20Flinn.jpg;http://www.wikidata.org/entity/Q3453779;Ryan Flinn;Canadian ice hockey player;https://en.wikipedia.org/wiki/Ryan_Flinn_(ice_hockey)
http://www.wikidata.org/entity/Q3943046;http://commons.wikimedia.org/wiki/Special:FilePath/Ryan%20Zachary%20Braun%20pitching%20for%20the%20Kansas%20City%20Royals%20in%202007%20%28Cropped%29.jpg;http://www.wikidata.org/entity/Q3453746;Ryan Braun;Canadian baseball player;https://en.wikipedia.org/wiki/Ryan_Braun_(pitcher)
http://www.wikidata.org/entity/Q3943046;http://commons.wikimedia.org/wiki/Special:FilePath/Ryan%20Budde%20on%20May%2023%2C%202010.jpg;http://www.wikidata.org/entity/Q3453749;Ryan Budde;American baseball player;https://en.wikipedia.org/wiki/Ryan_Budde
http://www.wikidata.org/entity/Q3943046;http://commons.wikimedia.org/wiki/Special:FilePath/Detroit%20Lions%20Receiver%20Ryan%20Broyles%20at%20the%202012%20Lions%20training%20camp.jpg;http://www.wikidata.org/entity/Q3453750;Ryan Broyles;American football player, wide receiver;https://en.wikipedia.org/wiki/Ryan_Broyles
http://www.wikidata.org/entity/Q3943046;http://commons.wikimedia.org/wiki/Special:FilePath/IMG%209070%20Ryan%20Church.jpg;http://www.wikidata.org/entity/Q3453756;Ryan Church;American baseball player;https://en.wikipedia.org/wiki/Ryan_Church
http://www.wikidata.org/entity/Q3943046;http://commons.wikimedia.org/wiki/Special:FilePath/2022-09-23%20Eisb%C3%A4ren%20Berlin%20gegen%20Grizzlys%20Wolfsburg%20%28Deutsche%20Eishockey-Liga%202022-23%29%20by%20Sandro%20Halank%E2%80%93022.jpg;http://www.wikidata.org/entity/Q3453751;Ryan Button;Canadian ice hockey defenceman;https://en.wikipedia.org/wiki/Ryan_Button
http://www.wikidata.org/entity/Q3943046;http://commons.wikimedia.org/wiki/Special:FilePath/Ryan%20Doumit%20on%20June%2026%2C%202012.jpg;http://www.wikidata.org/entity/Q3453768;Ryan Doumit;baseball player from the United States;https://en.wikipedia.org/wiki/Ryan_Doumit
http://www.wikidata.org/entity/Q3943046;http://commons.wikimedia.org/wiki/Special:FilePath/Ryan%20Garlock.jpg;http://www.wikidata.org/entity/Q3453786;Ryan Garlock;Canadian ice hockey player;https://en.wikipedia.org/wiki/Ryan_Garlock
http://www.wikidata.org/entity/Q3943046;http://commons.wikimedia.org/wiki/Special:FilePath/Ryan%20Hanigan%20on%20June%2028%2C%202014.jpg;http://www.wikidata.org/entity/Q3453796;Ryan Hanigan;baseball player from the United States;https://en.wikipedia.org/wiki/Ryan_Hanigan
http://www.wikidata.org/entity/Q3943046;http://commons.wikimedia.org/wiki/Special:FilePath/20140907-RyanAnderson.jpg;http://www.wikidata.org/entity/Q3453740;Ryan Anderson;Canadian cyclist;https://en.wikipedia.org/wiki/Ryan_Anderson_(cyclist)
http://www.wikidata.org/entity/Q4925477;http://commons.wikimedia.org/wiki/Special:FilePath/Freeman%20Dyson.jpg;http://www.wikidata.org/entity/Q153717;Freeman Dyson;theoretical physicist and mathematician (1923–2020);https://en.wikipedia.org/wiki/Freeman_Dyson
http://www.wikidata.org/entity/Q4925477;http://commons.wikimedia.org/wiki/Special:FilePath/John%20Robert%20Schrieffer%201972.jpg;http://www.wikidata.org/entity/Q153201;John Robert Schrieffer;American physicist (1931-2019);https://en.wikipedia.org/wiki/John_Robert_Schrieffer
http://www.wikidata.org/entity/Q4925477;http://commons.wikimedia.org/wiki/Special:FilePath/John%20Lindroth.png;http://www.wikidata.org/entity/Q153707;John Lindroth;gymnast (1883–1960);https://en.wikipedia.org/wiki/John_Lindroth_(gymnast)
http://www.wikidata.org/entity/Q4925477;http://commons.wikimedia.org/wiki/Special:FilePath/John%20Travolta%2C%202014%20%28cropped%29.jpg;http://www.wikidata.org/entity/Q80938;John Travolta;American actor (born 1954);https://en.wikipedia.org/wiki/John_Travolta
http://www.wikidata.org/entity/Q4925477;http://commons.wikimedia.org/wiki/Special:FilePath/John%20Churchill%2C%201st%20Duke%20of%20Marlborough%2C%20Captain-General%20of%20the%20English%20forces%20and%20Master-General%20of%20the%20Ordnance%2C%201702%20%28c%29%2C%20attributed%20to%20Michael%20Dahl%2091996.jpg;http://www.wikidata.org/entity/Q153803;John Churchill, 1st Duke of Marlborough;English soldier and statesman (1650-1722);https://en.wikipedia.org/wiki/John_Churchill,_1st_Duke_of_Marlborough
http://www.wikidata.org/entity/Q4925477;http://commons.wikimedia.org/wiki/Special:FilePath/J.%20R.%20R.%20Tolkien%2C%20ca.%201925.jpg;http://www.wikidata.org/entity/Q892;J. R. R. Tolkien;British writer and philologist (1892–1973);https://en.wikipedia.org/wiki/J._R._R._Tolkien
http://www.wikidata.org/entity/Q4925477;http://commons.wikimedia.org/wiki/Special:FilePath/Minute%20Man%20Statue%20Lexington%20Massachusetts%20cropped.jpg;http://www.wikidata.org/entity/Q81148;John Parker;American colonial farmer, smith and soldier;https://en.wikipedia.org/wiki/John_Parker_(captain)
http://www.wikidata.org/entity/Q4925477;http://commons.wikimedia.org/wiki/Special:FilePath/John%20Robert%20Parsons.png;http://www.wikidata.org/entity/Q81377;John Robert Parsons;Irish photographer (1826-1909);https://en.wikipedia.org/wiki/John_Robert_Parsons
http://www.wikidata.org/entity/Q4925477;http://commons.wikimedia.org/wiki/Special:FilePath/John%20Gurdon%20Cambridge%202012.JPG;http://www.wikidata.org/entity/Q81218;John Gurdon;British developmental biologist;https://en.wikipedia.org/wiki/John_Gurdon
http://www.wikidata.org/entity/Q4925477;http://commons.wikimedia.org/wiki/Special:FilePath/John%20Keats%20by%20William%20Hilton.jpg;http://www.wikidata.org/entity/Q82083;John Keats;English Romantic poet (1795–1821);https://en.wikipedia.org/wiki/John_Keats
http://www.wikidata.org/entity/Q18002623;http://commons.wikimedia.org/wiki/Special:FilePath/Patrick%20Zoundi%202013%203.jpg;http://www.wikidata.org/entity/Q938639;Patrick Zoundi;Burkinabe footballer;https://en.wikipedia.org/wiki/Patrick_Zoundi
http://www.wikidata.org/entity/Q18002623;http://commons.wikimedia.org/wiki/Special:FilePath/Balkany%20Patrick%20cropped.JPG;http://www.wikidata.org/entity/Q945181;Patrick Balkany;French politician;https://en.wikipedia.org/wiki/Patrick_Balkany
http://www.wikidata.org/entity/Q18002623;http://commons.wikimedia.org/wiki/Special:FilePath/Patrick%20Barre.jpg;http://www.wikidata.org/entity/Q944462;Patrick Barré;French athlete;https://en.wikipedia.org/wiki/Patrick_Barr%C3%A9
http://www.wikidata.org/entity/Q18002623;http://commons.wikimedia.org/wiki/Special:FilePath/Patty%20Mills%202017.jpg;http://www.wikidata.org/entity/Q952921;Patty Mills;Australian basketball player;https://en.wikipedia.org/wiki/Patty_Mills
http://www.wikidata.org/entity/Q18002623;http://commons.wikimedia.org/wiki/Special:FilePath/Patrick%20J.%20Kennedy%2C%20official%20Congressional%20photo.JPG;http://www.wikidata.org/entity/Q948920;Patrick J. Kennedy;American politician, Rhode Island;https://en.wikipedia.org/wiki/Patrick_J._Kennedy
http://www.wikidata.org/entity/Q18002623;http://commons.wikimedia.org/wiki/Special:FilePath/Patrick%20Gerritsen.jpg;http://www.wikidata.org/entity/Q940906;Patrick Gerritsen;Dutch footballer;https://en.wikipedia.org/wiki/Patrick_Gerritsen
http://www.wikidata.org/entity/Q18002623;http://commons.wikimedia.org/wiki/Special:FilePath/Ian%20McLagan.jpg;http://www.wikidata.org/entity/Q952491;Ian McLagan;English keyboardist (1945–2014);https://en.wikipedia.org/wiki/Ian_McLagan
http://www.wikidata.org/entity/Q18002623;http://commons.wikimedia.org/wiki/Special:FilePath/Patrick%20O%27Sullivan.JPG;http://www.wikidata.org/entity/Q942970;Patrick O'Sullivan;American ice hockey player;https://en.wikipedia.org/wiki/Patrick_O%27Sullivan
http://www.wikidata.org/entity/Q18002623;http://commons.wikimedia.org/wiki/Special:FilePath/Patrick%20Patterson%202015.jpg;http://www.wikidata.org/entity/Q964139;Patrick Patterson;American basketball player;https://en.wikipedia.org/wiki/Patrick_Patterson_(basketball)
http://www.wikidata.org/entity/Q18002623;http://commons.wikimedia.org/wiki/Special:FilePath/Jimmy%20Carr%2C%202015-04-13%202.jpg;http://www.wikidata.org/entity/Q964454;Jimmy Carr;British comedian and humourist;https://en.wikipedia.org/wiki/Jimmy_Carr
http://www.wikidata.org/entity/Q629347;http://commons.wikimedia.org/wiki/Special:FilePath/SamuelAmsler.jpg;http://www.wikidata.org/entity/Q479474;Samuel Amsler;Swiss engraver (1791-1849);https://en.wikipedia.org/wiki/Samuel_Amsler
http://www.wikidata.org/entity/Q629347;http://commons.wikimedia.org/wiki/Special:FilePath/Samuel%20Goodlove%20Cosgrove.jpg;http://www.wikidata.org/entity/Q474490;Samuel G. Cosgrove;American politician (1847-1909);https://en.wikipedia.org/wiki/Samuel_G._Cosgrove
http://www.wikidata.org/entity/Q629347;http://commons.wikimedia.org/wiki/Special:FilePath/DanielaBak-1983-1984-JPG%20%285%29-%28EA890B20-299C-1005-9C16-871061331441%29.jpg;http://www.wikidata.org/entity/Q473782;Samuel Bak;Lithuanian-American painter, writer;https://en.wikipedia.org/wiki/Samuel_Bak
http://www.wikidata.org/entity/Q629347;http://commons.wikimedia.org/wiki/Special:FilePath/Paul%20Whiteman%201939.jpg;http://www.wikidata.org/entity/Q470182;Paul Whiteman;American jazz musician and popular bandleader (1890–1967);https://en.wikipedia.org/wiki/Paul_Whiteman
http://www.wikidata.org/entity/Q629347;http://commons.wikimedia.org/wiki/Special:FilePath/Whiteman%20LCCN2014713789.jpg;http://www.wikidata.org/entity/Q470182;Paul Whiteman;American jazz musician and popular bandleader (1890–1967);https://en.wikipedia.org/wiki/Paul_Whiteman
http://www.wikidata.org/entity/Q629347;http://commons.wikimedia.org/wiki/Special:FilePath/SamEdwardsBetter.jpg;http://www.wikidata.org/entity/Q472382;Sam Edwards;Welsh physicist (1928–2015);https://en.wikipedia.org/wiki/Sam_Edwards_(physicist)
http://www.wikidata.org/entity/Q629347;http://commons.wikimedia.org/wiki/Special:FilePath/George%20Robinson%201st%20Marquess%20of%20Ripon.jpg;http://www.wikidata.org/entity/Q333111;George Robinson, 1st Marquess of Ripon;British politician (1827–1909);https://en.wikipedia.org/wiki/George_Robinson,_1st_Marquess_of_Ripon
http://www.wikidata.org/entity/Q629347;http://commons.wikimedia.org/wiki/Special:FilePath/Northcote%2C%20Samuel%20Hood.jpg;http://www.wikidata.org/entity/Q332623;Samuel Hood, 1st Viscount Hood;British Admiral known particularly for his service in the American Revolutionary War and French Revolutionary Wars (1724-1816);https://en.wikipedia.org/wiki/Samuel_Hood,_1st_Viscount_Hood
http://www.wikidata.org/entity/Q629347;http://commons.wikimedia.org/wiki/Special:FilePath/Samsharpe.JPG;http://www.wikidata.org/entity/Q328958;Samuel Sharpe;leader of the Baptist War, 1831 slave rebellion in Jamaica (1801–1832);https://en.wikipedia.org/wiki/Samuel_Sharpe
http://www.wikidata.org/entity/Q629347;http://commons.wikimedia.org/wiki/Special:FilePath/Sir%20Samuel%20Hoare%20GGBain.jpg;http://www.wikidata.org/entity/Q333429;Samuel Hoare, 1st Viscount Templewood;British Conservative politician (1880-1959);https://en.wikipedia.org/wiki/Samuel_Hoare,_1st_Viscount_Templewood
http://www.wikidata.org/entity/Q25999604;http://commons.wikimedia.org/wiki/Special:FilePath/Wielrenner%20Jaap%20Meijer%2CMeyer%20poseert%20met%20rechts%20zijn%20vader%2C%20in%20de%20UCI-trui%20van%20de%20wereldkampioen%2C%20SFA002006819.jpg;http://www.wikidata.org/entity/Q1385065;Jaap Meijer;Dutch racing cyclist;https://en.wikipedia.org/wiki/Jaap_Meijer
http://www.wikidata.org/entity/Q25999604;http://commons.wikimedia.org/wiki/Special:FilePath/Jackie%20Fields%20LOC.jpg;http://www.wikidata.org/entity/Q1374890;Jackie Fields;American boxer (1908–1987);https://en.wikipedia.org/wiki/Jackie_Fields
http://www.wikidata.org/entity/Q25999604;http://commons.wikimedia.org/wiki/Special:FilePath/Jacob%20de%20haan-1517677954.jpg;http://www.wikidata.org/entity/Q1375209;Jacob de Haan;Dutch conductor and composer;https://en.wikipedia.org/wiki/Jacob_de_Haan_(composer)
http://www.wikidata.org/entity/Q25999604;http://commons.wikimedia.org/wiki/Special:FilePath/Yaakov%20ben%20Asher.jpg;http://www.wikidata.org/entity/Q1376849;Jacob ben Asher;German rabbinic authority (c. 1269 - c. 1343);https://en.wikipedia.org/wiki/Jacob_ben_Asher
http://www.wikidata.org/entity/Q25999604;http://commons.wikimedia.org/wiki/Special:FilePath/Jacobus%20Houbraken.JPG;http://www.wikidata.org/entity/Q1375551;Jacobus Houbraken;Dutch engraver (1698-1780);https://en.wikipedia.org/wiki/Jacobus_Houbraken
http://www.wikidata.org/entity/Q25999604;http://commons.wikimedia.org/wiki/Special:FilePath/Jacques%20d%27Avesnes%20seig%20guise%201186%20abbaye%20anchin.JPG;http://www.wikidata.org/entity/Q1386429;James of Avesnes;French nobleman (1152-1191);https://en.wikipedia.org/wiki/James_of_Avesnes
http://www.wikidata.org/entity/Q25999604;http://commons.wikimedia.org/wiki/Special:FilePath/Jakob%20Axelsson%20Lindblom%2C%20Archbishop%20of%20Uppsala%2C%20NF.png;http://www.wikidata.org/entity/Q1401658;Jacob Axelsson Lindblom;Church of Sweden bishop (1746-1819);https://en.wikipedia.org/wiki/Jacob_Axelsson_Lindblom
http://www.wikidata.org/entity/Q25999604;http://commons.wikimedia.org/wiki/Special:FilePath/Jacob%20van%20Wassenaer-Obdam.jpg;http://www.wikidata.org/entity/Q1386569;Jacob van Wassenaer Obdam;Dutch admiral (1610-1665);https://en.wikipedia.org/wiki/Jacob_van_Wassenaer_Obdam
http://www.wikidata.org/entity/Q25999604;http://commons.wikimedia.org/wiki/Special:FilePath/Jacob%20A%20Garber.jpg;http://www.wikidata.org/entity/Q1430376;Jacob A. Garber;American politician (1879-1953);https://en.wikipedia.org/wiki/Jacob_A._Garber
http://www.wikidata.org/entity/Q25999604;http://commons.wikimedia.org/wiki/Special:FilePath/VanMaerlant.jpg;http://www.wikidata.org/entity/Q1393906;Jacob van Maerlant;13th-century Flemish poet;https://en.wikipedia.org/wiki/Jacob_van_Maerlant
http://www.wikidata.org/entity/Q19828980;http://commons.wikimedia.org/wiki/Special:FilePath/EAHitchcock-SecInterior.jpg;http://www.wikidata.org/entity/Q374976;Ethan A. Hitchcock;American diplomat (1835–1909);https://en.wikipedia.org/wiki/Ethan_A._Hitchcock_(Interior)
http://www.wikidata.org/entity/Q19828980;http://commons.wikimedia.org/wiki/Special:FilePath/Ethan%20Suplee%20cropped.jpg;http://www.wikidata.org/entity/Q314610;Ethan Suplee;American actor;https://en.wikipedia.org/wiki/Ethan_Suplee
http://www.wikidata.org/entity/Q19828980;http://commons.wikimedia.org/wiki/Special:FilePath/EthanPhillips.jpg;http://www.wikidata.org/entity/Q435475;Ethan Phillips;American actor;https://en.wikipedia.org/wiki/Ethan_Phillips
http://www.wikidata.org/entity/Q19828980;http://commons.wikimedia.org/wiki/Special:FilePath/Ethan%20Embry%20in%202018.jpg;http://www.wikidata.org/entity/Q383064;Ethan Embry;American actor;https://en.wikipedia.org/wiki/Ethan_Embry
http://www.wikidata.org/entity/Q19828980;http://commons.wikimedia.org/wiki/Special:FilePath/UCI%20Track%20World%20Championships%202018%20167.jpg;http://www.wikidata.org/entity/Q466264;Ethan Mitchell;New Zealand racing cyclist;https://en.wikipedia.org/wiki/Ethan_Mitchell
http://www.wikidata.org/entity/Q19828980;http://commons.wikimedia.org/wiki/Special:FilePath/Ethan%20Hawke%202018.jpg;http://www.wikidata.org/entity/Q484615;Ethan Hawke;American actor and writer (b. 1970);https://en.wikipedia.org/wiki/Ethan_Hawke
http://www.wikidata.org/entity/Q19828980;http://commons.wikimedia.org/wiki/Special:FilePath/Ethan%20Hawke%20at%20Berlinale%202025.jpg;http://www.wikidata.org/entity/Q484615;Ethan Hawke;American actor and writer (b. 1970);https://en.wikipedia.org/wiki/Ethan_Hawke
http://www.wikidata.org/entity/Q19828980;http://commons.wikimedia.org/wiki/Special:FilePath/Ethan%20Canin%20photo%20Iowa%20City.jpg;http://www.wikidata.org/entity/Q528593;Ethan Canin;Author, educator, physician;https://en.wikipedia.org/wiki/Ethan_Canin
http://www.wikidata.org/entity/Q19828980;http://commons.wikimedia.org/wiki/Special:FilePath/Statue%20of%20Ethan%20Allen%20by%20Larkin%20Goldsmith%20Mead.jpg;http://www.wikidata.org/entity/Q552007;Ethan Allen;American general, writer and philosopher (1738–1789);https://en.wikipedia.org/wiki/Ethan_Allen
http://www.wikidata.org/entity/Q19828980;http://commons.wikimedia.org/wiki/Special:FilePath/Ethan%20Allen%20Brown%20at%20statehouse.jpg;http://www.wikidata.org/entity/Q880997;Ethan Allen Brown;American politician (1776-1852);https://en.wikipedia.org/wiki/Ethan_Allen_Brown
http://www.wikidata.org/entity/Q16428906;http://commons.wikimedia.org/wiki/Special:FilePath/Feist%2C%20Thomas-9740.jpg;http://www.wikidata.org/entity/Q99545;Thomas Feist;German politician;https://en.wikipedia.org/wiki/Thomas_Feist
http://www.wikidata.org/entity/Q16428906;http://commons.wikimedia.org/wiki/Special:FilePath/Thomas%20Feist%202013.jpg;http://www.wikidata.org/entity/Q99545;Thomas Feist;German politician;https://en.wikipedia.org/wiki/Thomas_Feist
http://www.wikidata.org/entity/Q16428906;http://commons.wikimedia.org/wiki/Special:FilePath/Thomas%20Kielinger.jpg;http://www.wikidata.org/entity/Q99639;Thomas Kielinger;German journalist;https://en.wikipedia.org/wiki/Thomas_Kielinger
http://www.wikidata.org/entity/Q16428906;http://commons.wikimedia.org/wiki/Special:FilePath/Thomas%20Schirrmacher%2017%2012%202017%20%28cropped%29.jpg;http://www.wikidata.org/entity/Q99624;Thomas Schirrmacher;Christian university lecturer in systematic theology and moral philosophy, rector of the Martin Bucer Seminary;https://en.wikipedia.org/wiki/Thomas_Schirrmacher
http://www.wikidata.org/entity/Q16428906;http://commons.wikimedia.org/wiki/Special:FilePath/ThomasSchweicker.jpg;http://www.wikidata.org/entity/Q103018;Thomas Schweicker;German artist;https://en.wikipedia.org/wiki/Thomas_Schweicker
http://www.wikidata.org/entity/Q16428906;http://commons.wikimedia.org/wiki/Special:FilePath/2015%2010%2026%20Ketteler%20195.jpg;http://www.wikidata.org/entity/Q103890;Thomas Gabriel;German musician and composer;https://en.wikipedia.org/wiki/Thomas_Gabriel_(composer)
http://www.wikidata.org/entity/Q16428906;http://commons.wikimedia.org/wiki/Special:FilePath/DerChecker.jpg;http://www.wikidata.org/entity/Q99338;Thomas Karaoğlan;German singer;https://en.wikipedia.org/wiki/Thomas_Karaoglan
http://www.wikidata.org/entity/Q16428906;http://commons.wikimedia.org/wiki/Special:FilePath/MJK00768%20Thomas%20Sch%C3%A4fer.jpg;http://www.wikidata.org/entity/Q98485;Thomas Schäfer;German politician (1966-2020);https://en.wikipedia.org/wiki/Thomas_Sch%C3%A4fer
http://www.wikidata.org/entity/Q16428906;http://commons.wikimedia.org/wiki/Special:FilePath/35.%20ISC-Symposium-Thomas%20Limberger-HSGN%20028-01797.JPG;http://www.wikidata.org/entity/Q102764;Thomas Limberger;German businessman;https://en.wikipedia.org/wiki/Thomas_Limberger
http://www.wikidata.org/entity/Q16428906;http://commons.wikimedia.org/wiki/Special:FilePath/Conference%20Clean%20energy%20policies%20for%20the%20greening%20of%20towns%2C%20cities%20and%20regions%20the%20Energy%20Union%20and%20local%20regional%20sustainable%20development%20Thomas%20Schomerus%20%2834850599554%29.jpg;http://www.wikidata.org/entity/Q101984;Thomas Schomerus;Law professor;https://en.wikipedia.org/wiki/Thomas_Schomerus
http://www.wikidata.org/entity/Q4927231;http://commons.wikimedia.org/wiki/Special:FilePath/Matt%20Ryan%20Manchester.jpg;http://www.wikidata.org/entity/Q1909267;Matt Ryan;Canadian ice hockey player;https://en.wikipedia.org/wiki/Matt_Ryan_(ice_hockey)
http://www.wikidata.org/entity/Q4927231;http://commons.wikimedia.org/wiki/Special:FilePath/Cadets%20and%20organiser%20with%20LC%20Matt%20Croucher%20RM%20GC%20%28cropped%29.jpg;http://www.wikidata.org/entity/Q1909486;Matthew Croucher;British Royal Marine;https://en.wikipedia.org/wiki/Matthew_Croucher
http://www.wikidata.org/entity/Q4927231;http://commons.wikimedia.org/wiki/Special:FilePath/Matthalischuk.jpg;http://www.wikidata.org/entity/Q1909197;Matthew Halischuk;Canadian ice hockey player;https://en.wikipedia.org/wiki/Matthew_Halischuk
http://www.wikidata.org/entity/Q4927231;http://commons.wikimedia.org/wiki/Special:FilePath/Matthew%20Busche%20-%20Tour%20de%20Romandie%202010%2C%20Stage%203.jpg;http://www.wikidata.org/entity/Q1885916;Matthew Busche;American racing cyclist;https://en.wikipedia.org/wiki/Matthew_Busche
http://www.wikidata.org/entity/Q4927231;http://commons.wikimedia.org/wiki/Special:FilePath/Matt%20Bauder%20-1040733.jpg;http://www.wikidata.org/entity/Q1909134;Matt Bauder;American musician;https://en.wikipedia.org/wiki/Matt_Bauder
http://www.wikidata.org/entity/Q4927231;http://commons.wikimedia.org/wiki/Special:FilePath/Matt%20DeMarchi.jpg;http://www.wikidata.org/entity/Q1909172;Matthew de Marchi;Italian ice hockey player;https://en.wikipedia.org/wiki/Matt_DeMarchi
http://www.wikidata.org/entity/Q4927231;http://commons.wikimedia.org/wiki/Special:FilePath/Matt%20Garrison%20on%20bass.jpg;http://www.wikidata.org/entity/Q1909184;Matt Garrison;American musician;https://en.wikipedia.org/wiki/Matt_Garrison
http://www.wikidata.org/entity/Q4927231;http://commons.wikimedia.org/wiki/Special:FilePath/MattThompson.jpg;http://www.wikidata.org/entity/Q1909287;Matt Thompson;Australian soccer player;https://en.wikipedia.org/wiki/Matt_Thompson_(soccer)
http://www.wikidata.org/entity/Q4927231;http://commons.wikimedia.org/wiki/Special:FilePath/Matthew%20Baillie%20by%20William%20Owen.jpg;http://www.wikidata.org/entity/Q1909483;Matthew Baillie;Scottish anatomist, (1761-1823);https://en.wikipedia.org/wiki/Matthew_Baillie
http://www.wikidata.org/entity/Q4927231;http://commons.wikimedia.org/wiki/Special:FilePath/Cage%20the%20Elephant%20%2828446478569%29.jpg;http://www.wikidata.org/entity/Q1818909;Matthew Shultz;American singer;https://en.wikipedia.org/wiki/Matt_Shultz
http://www.wikidata.org/entity/Q4927524;http://commons.wikimedia.org/wiki/Special:FilePath/Michael%20Mendl%200011.JPG;http://www.wikidata.org/entity/Q89032;Michael Mendl;German actor;https://en.wikipedia.org/wiki/Michael_Mendl
http://www.wikidata.org/entity/Q4927524;http://commons.wikimedia.org/wiki/Special:FilePath/MichaelKohlhaseExplainsNestedWorkingCopies.jpg;http://www.wikidata.org/entity/Q91233;Michael Kohlhase;German computer scientist;https://en.wikipedia.org/wiki/Michael_Kohlhase
http://www.wikidata.org/entity/Q4927524;http://commons.wikimedia.org/wiki/Special:FilePath/Michael%20Rapoport.jpg;http://www.wikidata.org/entity/Q90246;Michael Rapoport;Austrian mathematician;https://en.wikipedia.org/wiki/Michael_Rapoport
http://www.wikidata.org/entity/Q4927524;http://commons.wikimedia.org/wiki/Special:FilePath/2007-11-Michael%20Zittel.jpg;http://www.wikidata.org/entity/Q90966;Michael Zittel;German actor;https://en.wikipedia.org/wiki/Michael_Zittel
http://www.wikidata.org/entity/Q4927524;http://commons.wikimedia.org/wiki/Special:FilePath/Michael%20Buback.jpg;http://www.wikidata.org/entity/Q89978;Michael Buback;German chemist;https://en.wikipedia.org/wiki/Michael_Buback
http://www.wikidata.org/entity/Q4927524;http://commons.wikimedia.org/wiki/Special:FilePath/Michael%20Christoph%20Hanow%20%281695-1773%29.png;http://www.wikidata.org/entity/Q91380;Michael Christoph Hanow;German historian and scientist;https://en.wikipedia.org/wiki/Michael_Christoph_Hanow
http://www.wikidata.org/entity/Q4927524;http://commons.wikimedia.org/wiki/Special:FilePath/Michael%20Glawogger%20Linz%20improved.JPG;http://www.wikidata.org/entity/Q90300;Michael Glawogger;1959-2014 Austrian film director, screenwriter and cinematographer;https://en.wikipedia.org/wiki/Michael_Glawogger
http://www.wikidata.org/entity/Q4927524;http://commons.wikimedia.org/wiki/Special:FilePath/%C3%96sterreichischer%20Filmpreis%202012%2C%20photo%20call%2C%20Michael%20Glawogger.jpg;http://www.wikidata.org/entity/Q90300;Michael Glawogger;1959-2014 Austrian film director, screenwriter and cinematographer;https://en.wikipedia.org/wiki/Michael_Glawogger
http://www.wikidata.org/entity/Q4927524;http://commons.wikimedia.org/wiki/Special:FilePath/Michael%20Reiterer.JPG;http://www.wikidata.org/entity/Q89873;Michael Reiterer;Austrian diplomat;https://en.wikipedia.org/wiki/Michael_Reiterer
http://www.wikidata.org/entity/Q4927524;http://commons.wikimedia.org/wiki/Special:FilePath/Michael%20Schiefel%2001%20%28fcm%29.jpg;http://www.wikidata.org/entity/Q91252;Michael Schiefel;German singer;https://en.wikipedia.org/wiki/Michael_Schiefel
http://www.wikidata.org/entity/Q2532287;http://commons.wikimedia.org/wiki/Special:FilePath/Ronald%20Sarasin.png;http://www.wikidata.org/entity/Q2165564;Ronald A. Sarasin;American politician;https://en.wikipedia.org/wiki/Ronald_A._Sarasin
http://www.wikidata.org/entity/Q2532287;http://commons.wikimedia.org/wiki/Special:FilePath/RonBasfordParkPlaque.jpg;http://www.wikidata.org/entity/Q2165566;Ron Basford;Canadian politician (1932–2005);https://en.wikipedia.org/wiki/Ron_Basford
http://www.wikidata.org/entity/Q2532287;http://commons.wikimedia.org/wiki/Special:FilePath/Ronald%20Numbers%20crop%202012%20CHF%20Science%20Secularization%20033.jpg;http://www.wikidata.org/entity/Q2165714;Ronald Numbers;American historian of science (1942–2023);https://en.wikipedia.org/wiki/Ronald_Numbers
http://www.wikidata.org/entity/Q2532287;http://commons.wikimedia.org/wiki/Special:FilePath/23-ron-dearing-1200.jpg;http://www.wikidata.org/entity/Q2165600;Ronald Dearing, Baron Dearing;British civil servant (1930-2009);https://en.wikipedia.org/wiki/Ronald_Dearing,_Baron_Dearing
http://www.wikidata.org/entity/Q2532287;http://commons.wikimedia.org/wiki/Special:FilePath/Ronald%20M.%20Mottl%2097th%20Congress%201981.jpg;http://www.wikidata.org/entity/Q2165678;Ronald M. Mottl;American politician (1934–2023);https://en.wikipedia.org/wiki/Ronald_M._Mottl
http://www.wikidata.org/entity/Q2532287;http://commons.wikimedia.org/wiki/Special:FilePath/Ronald%20Paris%202012.jpg;http://www.wikidata.org/entity/Q2165712;Ronald Paris;German painter (1933-2021);https://en.wikipedia.org/wiki/Ronald_Paris
http://www.wikidata.org/entity/Q2532287;http://commons.wikimedia.org/wiki/Special:FilePath/Ronald%20Cross.jpg;http://www.wikidata.org/entity/Q2165584;Sir Ronald Cross, 1st Baronet;British politician (1896-1968);https://en.wikipedia.org/wiki/Sir_Ronald_Cross,_1st_Baronet
http://www.wikidata.org/entity/Q2532287;http://commons.wikimedia.org/wiki/Special:FilePath/RonnieMac12.jpg;http://www.wikidata.org/entity/Q2165686;Ronald MacDonald;British economist;https://en.wikipedia.org/wiki/Ronald_MacDonald_(economist)
http://www.wikidata.org/entity/Q2532287;http://commons.wikimedia.org/wiki/Special:FilePath/Ronald%20Machtley.png;http://www.wikidata.org/entity/Q2165689;Ronald Machtley;American politician;https://en.wikipedia.org/wiki/Ronald_Machtley
http://www.wikidata.org/entity/Q2532287;http://commons.wikimedia.org/wiki/Special:FilePath/Ronald%20Clarke.jpg;http://www.wikidata.org/entity/Q2165640;Ronald J. Clarke;paleoanthropologist;https://en.wikipedia.org/wiki/Ronald_J._Clarke
http://www.wikidata.org/entity/Q471788;http://commons.wikimedia.org/wiki/Special:FilePath/Jacques%20Villeneuve%20August%202011.jpg;http://www.wikidata.org/entity/Q172843;Jacques Villeneuve;Canadian racecar driver (born 1971);https://en.wikipedia.org/wiki/Jacques_Villeneuve
http://www.wikidata.org/entity/Q471788;http://commons.wikimedia.org/wiki/Special:FilePath/Joseph%20Reinach%201912.jpg;http://www.wikidata.org/entity/Q172161;Joseph Reinach;French politician (1856-1921);https://en.wikipedia.org/wiki/Joseph_Reinach
http://www.wikidata.org/entity/Q471788;http://commons.wikimedia.org/wiki/Special:FilePath/August%20Schenk%20%281815-1892%29.jpg;http://www.wikidata.org/entity/Q90825;August Schenk;German botanist and palaeontologist (1815-1891);https://en.wikipedia.org/wiki/August_Schenk
http://www.wikidata.org/entity/Q471788;http://commons.wikimedia.org/wiki/Special:FilePath/Fritz%20R%C3%B6mer.jpg;http://www.wikidata.org/entity/Q91857;Fritz Römer;German zoologist (1866–1909);https://en.wikipedia.org/wiki/Fritz_R%C3%B6mer
http://www.wikidata.org/entity/Q471788;http://commons.wikimedia.org/wiki/Special:FilePath/Joseph%20Sifakis%20mg%204603.jpg;http://www.wikidata.org/entity/Q92781;Iosif Sifakis;Greek-French computer scientist;https://en.wikipedia.org/wiki/Joseph_Sifakis
http://www.wikidata.org/entity/Q471788;http://commons.wikimedia.org/wiki/Special:FilePath/J.%20C.%20R.%20Licklider.jpg;http://www.wikidata.org/entity/Q92778;J. C. R. Licklider;American psychologist and computer scientist (1915–1990);https://en.wikipedia.org/wiki/J._C._R._Licklider
http://www.wikidata.org/entity/Q471788;http://commons.wikimedia.org/wiki/Special:FilePath/Conrad%20von%20Bolanden%20JS%201.jpg;http://www.wikidata.org/entity/Q91180;Conrad von Bolanden;German writer (1828–1920);https://en.wikipedia.org/wiki/Conrad_von_Bolanden
http://www.wikidata.org/entity/Q471788;http://commons.wikimedia.org/wiki/Special:FilePath/Joseph%20Fickler.png;http://www.wikidata.org/entity/Q91974;Joseph Fickler;German journalist (1808–1865);https://en.wikipedia.org/wiki/Joseph_Fickler
http://www.wikidata.org/entity/Q471788;http://commons.wikimedia.org/wiki/Special:FilePath/Josef%20von%20Mering%202.jpg;http://www.wikidata.org/entity/Q92474;Joseph von Mering;German physician (1849–1908);https://en.wikipedia.org/wiki/Joseph_von_Mering
http://www.wikidata.org/entity/Q471788;http://commons.wikimedia.org/wiki/Special:FilePath/Karl%20Joseph%20Wilhelm%20Juchheim%20001.jpg;http://www.wikidata.org/entity/Q90728;Karl Joseph Wilhelm Juchheim;German confectioner (1886–1945);https://en.wikipedia.org/wiki/Karl_Juchheim
http://www.wikidata.org/entity/Q588700;http://commons.wikimedia.org/wiki/Special:FilePath/Joel%20Bennett%20%28cropped%29.jpg;http://www.wikidata.org/entity/Q6213229;Joel Bennett;American baseball player;https://en.wikipedia.org/wiki/Joel_Bennett
http://www.wikidata.org/entity/Q588700;http://commons.wikimedia.org/wiki/Special:FilePath/Joel%20Corey%20playing%20for%20Geelong.JPG;http://www.wikidata.org/entity/Q6213332;Joel Corey;Australian rules footballer;https://en.wikipedia.org/wiki/Joel_Corey
http://www.wikidata.org/entity/Q588700;http://commons.wikimedia.org/wiki/Special:FilePath/Joel%20Allen%20Dewey.jpg;http://www.wikidata.org/entity/Q6213371;Joel Dewey;Union United States Army general (1840-1873);https://en.wikipedia.org/wiki/Joel_Dewey
http://www.wikidata.org/entity/Q588700;http://commons.wikimedia.org/wiki/Special:FilePath/A%20popular%20chemistry%3B%20%281887%29%20%2814592666070%29.jpg;http://www.wikidata.org/entity/Q6213383;Joel Dorman Steele;American educator;https://en.wikipedia.org/wiki/Joel_Dorman_Steele
http://www.wikidata.org/entity/Q588700;http://commons.wikimedia.org/wiki/Special:FilePath/Joel%20Byrom%20York%20City%20v.%20Northwich%20Victoria%201.png;http://www.wikidata.org/entity/Q6213284;Joel Byrom;English footballer (born 1986);https://en.wikipedia.org/wiki/Joel_Byrom
http://www.wikidata.org/entity/Q588700;http://commons.wikimedia.org/wiki/Special:FilePath/Joel%20Collier.jpg;http://www.wikidata.org/entity/Q6213321;Joel Collier;American football player and coach;https://en.wikipedia.org/wiki/Joel_Collier
http://www.wikidata.org/entity/Q588700;http://commons.wikimedia.org/wiki/Special:FilePath/Supervisor%20Joel%20Engardio.jpg;http://www.wikidata.org/entity/Q6213420;Joel Engardio;writer, filmmaker, civil liberties advocate.;https://en.wikipedia.org/wiki/Joel_Engardio
http://www.wikidata.org/entity/Q588700;http://commons.wikimedia.org/wiki/Special:FilePath/Caf%C3%A9%20Filos%C3%B3fico%20com%20Joel%20Birman%20em%20Campinas%20%284379502064%29.jpg;http://www.wikidata.org/entity/Q6213246;Joel Birman;Brazilian psychiatrist and psychotherapist;https://en.wikipedia.org/wiki/Joel_Birman
http://www.wikidata.org/entity/Q588700;http://commons.wikimedia.org/wiki/Special:FilePath/Joel%20Breton%20at%20the%20FlashGamingSummit2.JPG;http://www.wikidata.org/entity/Q6213266;Joel Breton;Best known for producing award winning video games including Bomberman Live, Unreal, Duke Nukem, and Pirates of the Caribbean;https://en.wikipedia.org/wiki/Joel_Breton
http://www.wikidata.org/entity/Q588700;http://commons.wikimedia.org/wiki/Special:FilePath/Joel%20Cook.jpg;http://www.wikidata.org/entity/Q6213331;Joel Cook;American politician (1842-1910);https://en.wikipedia.org/wiki/Joel_Cook
http://www.wikidata.org/entity/Q13028078;http://commons.wikimedia.org/wiki/Special:FilePath/JeffWynn-SmithRocks.jpg;http://www.wikidata.org/entity/Q6175888;Jeffrey C. Wynn;American geologist, geophysicist;https://en.wikipedia.org/wiki/Jeffrey_C._Wynn
http://www.wikidata.org/entity/Q13028078;http://commons.wikimedia.org/wiki/Special:FilePath/Dunstanface.jpg;http://www.wikidata.org/entity/Q6175959;Jeffrey Dunstan;"""Mayor"" of Garrett";https://en.wikipedia.org/wiki/Jeffrey_Dunstan
http://www.wikidata.org/entity/Q13028078;http://commons.wikimedia.org/wiki/Special:FilePath/Captain%20Jeffrey%20Feinstein%20beside%20F-4%20Phantom.jpg;http://www.wikidata.org/entity/Q6175975;Jeffrey Feinstein;Recipient of the Purple Heart medal;https://en.wikipedia.org/wiki/Jeffrey_Feinstein
http://www.wikidata.org/entity/Q13028078;http://commons.wikimedia.org/wiki/Special:FilePath/Jeffrey%20Sprecher.jpg;http://www.wikidata.org/entity/Q6175884;Jeffrey Sprecher;American businessman;https://en.wikipedia.org/wiki/Jeffrey_Sprecher
http://www.wikidata.org/entity/Q13028078;http://commons.wikimedia.org/wiki/Special:FilePath/Jeffrey%20Brown%202015.jpg;http://www.wikidata.org/entity/Q6175874;Jeffrey Brown;American journalist;https://en.wikipedia.org/wiki/Jeffrey_Brown_(journalist)
http://www.wikidata.org/entity/Q13028078;http://commons.wikimedia.org/wiki/Special:FilePath/Jeffrey%20Cariaso%20-%20Ginebra%20-%202014.jpg;http://www.wikidata.org/entity/Q6175891;Jeffrey Cariaso;Filipino-American basketball player and coach;https://en.wikipedia.org/wiki/Jeffrey_Cariaso
http://www.wikidata.org/entity/Q13028078;http://commons.wikimedia.org/wiki/Special:FilePath/Jeffrey%20Cuthbert.jpg;http://www.wikidata.org/entity/Q6175921;Jeffrey Cuthbert;British politician (born 1948);https://en.wikipedia.org/wiki/Jeffrey_Cuthbert
http://www.wikidata.org/entity/Q13028078;http://commons.wikimedia.org/wiki/Special:FilePath/Artist%20Jeffrey%20Gibson.jpg;http://www.wikidata.org/entity/Q6176002;Jeffrey Gibson;Choctaw-Cherokee painter and sculptor;https://en.wikipedia.org/wiki/Jeffrey_Gibson
http://www.wikidata.org/entity/Q13028078;http://commons.wikimedia.org/wiki/Special:FilePath/Jeffrey%20Goldberg%202013%20%281301030-M-EV637-116%29.jpg;http://www.wikidata.org/entity/Q6176005;Jeffrey Goldberg;American journalist;https://en.wikipedia.org/wiki/Jeffrey_Goldberg
http://www.wikidata.org/entity/Q13028078;http://commons.wikimedia.org/wiki/Special:FilePath/Jeff%20Bullock%20With%20Students%20Cropped.jpg;http://www.wikidata.org/entity/Q6175877;Jeffrey Bullock;American academic administrator;https://en.wikipedia.org/wiki/Jeffrey_Bullock
http://www.wikidata.org/entity/Q3849698;http://commons.wikimedia.org/wiki/Special:FilePath/Marlon%20King%20vs%20Antwerp%20%28cropped%29.jpg;http://www.wikidata.org/entity/Q10588;Marlon King;association football player;https://en.wikipedia.org/wiki/Marlon_King
http://www.wikidata.org/entity/Q3849698;http://commons.wikimedia.org/wiki/Special:FilePath/Marlon%20Roudette.jpg;http://www.wikidata.org/entity/Q21076;Marlon Roudette;English singer and songwriter;https://en.wikipedia.org/wiki/Marlon_Roudette
http://www.wikidata.org/entity/Q3849698;http://commons.wikimedia.org/wiki/Special:FilePath/Marlon%20Brando%20publicity%20for%20One-Eyed%20Jacks.png;http://www.wikidata.org/entity/Q34012;Marlon Brando;American actor (1924–2004);https://en.wikipedia.org/wiki/Marlon_Brando
http://www.wikidata.org/entity/Q3849698;http://commons.wikimedia.org/wiki/Special:FilePath/Marlon%20St%C3%B6ckinger%20at%20the%20Globe%20Tattoo%20launch%20in%20Glorietta%204%2C%20Makati%2C%20May%202013.jpg;http://www.wikidata.org/entity/Q115968;Marlon Stöckinger;Filipino racing driver;https://en.wikipedia.org/wiki/Marlon_St%C3%B6ckinger
http://www.wikidata.org/entity/Q3849698;http://commons.wikimedia.org/wiki/Special:FilePath/Marlon%20Harewood.JPG;http://www.wikidata.org/entity/Q226125;Marlon Harewood;British footballer (born 1979);https://en.wikipedia.org/wiki/Marlon_Harewood
http://www.wikidata.org/entity/Q3849698;http://commons.wikimedia.org/wiki/Special:FilePath/Zeke%20Clements%20Billboard.jpg;http://www.wikidata.org/entity/Q187216;Zeke Clements;American country musician, songwriter (1911-1994);https://en.wikipedia.org/wiki/Zeke_Clements
http://www.wikidata.org/entity/Q3849698;http://commons.wikimedia.org/wiki/Special:FilePath/TIFF%202019%20jamie%20foxx%20%28cropped%29.jpg;http://www.wikidata.org/entity/Q171905;Jamie Foxx;American actor, comedian, and singer (born 1967);https://en.wikipedia.org/wiki/Jamie_Foxx
http://www.wikidata.org/entity/Q3849698;http://commons.wikimedia.org/wiki/Special:FilePath/Marlon%20Jackson%202013.jpg;http://www.wikidata.org/entity/Q319392;Marlon Jackson;American singer and member of The Jackson 5;https://en.wikipedia.org/wiki/Marlon_Jackson
http://www.wikidata.org/entity/Q3849698;http://commons.wikimedia.org/wiki/Special:FilePath/Marlon%20Wayans%20%282018%29%20%28cropped%29.jpg;http://www.wikidata.org/entity/Q310785;Marlon Wayans;American actor, screenwriter, and film producer;https://en.wikipedia.org/wiki/Marlon_Wayans
http://www.wikidata.org/entity/Q3849698;http://commons.wikimedia.org/wiki/Special:FilePath/Marlon%20Devonish%20Memorial%20Van%20Damme%202010.jpg;http://www.wikidata.org/entity/Q528894;Marlon Devonish;English sprint athlete;https://en.wikipedia.org/wiki/Marlon_Devonish
http://www.wikidata.org/entity/Q1249148;http://commons.wikimedia.org/wiki/Special:FilePath/Richard%20hartmann%20portrait.jpg;http://www.wikidata.org/entity/Q95832;Richard Hartmann;German businessman (1809-1878);https://en.wikipedia.org/wiki/Richard_Hartmann
http://www.wikidata.org/entity/Q1249148;http://commons.wikimedia.org/wiki/Special:FilePath/Richard%20Lenel.jpg;http://www.wikidata.org/entity/Q98545;Richard Lenel;German businessman (1869–1950);https://en.wikipedia.org/wiki/Richard_Lenel
http://www.wikidata.org/entity/Q1249148;http://commons.wikimedia.org/wiki/Special:FilePath/Richard%20Salomon%20%285162291464%29.jpg;http://www.wikidata.org/entity/Q100229;Richard G. Salomon;American historian (1884–1966);https://en.wikipedia.org/wiki/Richard_G._Salomon
http://www.wikidata.org/entity/Q1249148;http://commons.wikimedia.org/wiki/Special:FilePath/Richard%20Sch%C3%B6ne%202.jpg;http://www.wikidata.org/entity/Q100532;Richard Schöne;German classical archaeologist (1840-1922);https://en.wikipedia.org/wiki/Richard_Sch%C3%B6ne
http://www.wikidata.org/entity/Q1249148;http://commons.wikimedia.org/wiki/Special:FilePath/Richard%20Euringer%20%281891-1953%29.jpg;http://www.wikidata.org/entity/Q100364;Richard Euringer;German writer (1891–1953);https://en.wikipedia.org/wiki/Richard_Euringer
http://www.wikidata.org/entity/Q1249148;http://commons.wikimedia.org/wiki/Special:FilePath/Berliner%20TuFC%20Union%2092%2004-05.jpg;http://www.wikidata.org/entity/Q96945;Richard Girulatis;German football manager (1878-1963);https://en.wikipedia.org/wiki/Richard_Girulatis
http://www.wikidata.org/entity/Q1249148;http://commons.wikimedia.org/wiki/Special:FilePath/Bundesarchiv%20Bild%20183-B0527-0001-861%2C%20Carl%20von%20Ossietzky%20vor%20der%20Strafanstalt%20Berlin-Tegel.jpg;http://www.wikidata.org/entity/Q100372;Kurt R. Grossmann;German journalist (1897-1972);https://en.wikipedia.org/wiki/Kurt_Gro%C3%9Fmann
http://www.wikidata.org/entity/Q1249148;http://commons.wikimedia.org/wiki/Special:FilePath/Richard%20M%20Weiner.png;http://www.wikidata.org/entity/Q102343;Richard M. Weiner;German physicist (1930–2020);https://en.wikipedia.org/wiki/Richard_M._Weiner
http://www.wikidata.org/entity/Q1249148;http://commons.wikimedia.org/wiki/Special:FilePath/Derek-Harold-Richard-Barton.jpg;http://www.wikidata.org/entity/Q102419;Derek Barton;English organic chemist (1918–1998);https://en.wikipedia.org/wiki/Derek_Barton
http://www.wikidata.org/entity/Q1249148;http://commons.wikimedia.org/wiki/Special:FilePath/BuckminsterFuller1.jpg;http://www.wikidata.org/entity/Q102289;Buckminster Fuller;American architect, systems theorist, author, designer, inventor and futurist (1895–1983);https://en.wikipedia.org/wiki/Buckminster_Fuller
http://www.wikidata.org/entity/Q261113;http://commons.wikimedia.org/wiki/Special:FilePath/Noel%20Harry%20Leaver%20Leon%20Underwood%201911.jpg;http://www.wikidata.org/entity/Q7047066;Noel Leaver;painter (1889-1951);https://en.wikipedia.org/wiki/Noel_Leaver
http://www.wikidata.org/entity/Q261113;http://commons.wikimedia.org/wiki/Special:FilePath/%D0%A2%D0%9D%D0%9C%D0%A3%20-%20%D0%9F%D0%BE%D1%81%D0%BE%D0%BB%20%D0%9F%D0%B0%D0%BA%D0%B8%D1%81%D1%82%D0%B0%D0%BD%D1%83%20%D0%B2%20%D0%A3%D0%BA%D1%80%D0%B0%D1%97%D0%BD%D1%96%20%D0%9D%D0%BE%D0%B5%D0%BB%D1%8C%20%D0%86%D0%B7%D1%80%D0%B0%D0%B5%D0%BB%D1%8C%20%D0%A5%D0%BE%D1%85%D0%B0%D1%80%20-%2022019107.jpg;http://www.wikidata.org/entity/Q7047011;Noel Israel Khokhar;Pakistani Military Officer;https://en.wikipedia.org/wiki/Noel_Israel_Khokhar
http://www.wikidata.org/entity/Q261113;http://commons.wikimedia.org/wiki/Special:FilePath/Noel%20Hill.png;http://www.wikidata.org/entity/Q7046995;Noel Hill;Irish musician;https://en.wikipedia.org/wiki/Noel_Hill_(musician)
http://www.wikidata.org/entity/Q261113;http://commons.wikimedia.org/wiki/Special:FilePath/Noel%20Grigsby%20after%202012%20Military%20Bowl.jpg;http://www.wikidata.org/entity/Q7046973;Noel Grigsby;American football wide receiver;https://en.wikipedia.org/wiki/Noel_Grigsby
http://www.wikidata.org/entity/Q261113;http://commons.wikimedia.org/wiki/Special:FilePath/Manfred%20Mann%20-%20Bad%20Urach%2030-05-2009%20-%203.jpg;http://www.wikidata.org/entity/Q7047099;Noel McCalla;British rock singer;https://en.wikipedia.org/wiki/Noel_McCalla
http://www.wikidata.org/entity/Q261113;http://commons.wikimedia.org/wiki/Special:FilePath/Noel%20Devine.jpg;http://www.wikidata.org/entity/Q7046918;Noel Devine;player of American football;https://en.wikipedia.org/wiki/Noel_Devine
http://www.wikidata.org/entity/Q261113;http://commons.wikimedia.org/wiki/Special:FilePath/Noel%20Drayton%20in%20One%20Step%20Beyond%20%28To%20Know%20the%20End%29.jpg;http://www.wikidata.org/entity/Q7046924;Noel Drayton;actor (1913-1981);https://en.wikipedia.org/wiki/Noel_Drayton
http://www.wikidata.org/entity/Q261113;http://commons.wikimedia.org/wiki/Special:FilePath/Noel%20Humphreys.png;http://www.wikidata.org/entity/Q7046945;Noel Forbes Humphreys;Welsh rugby union player;https://en.wikipedia.org/wiki/Noel_Forbes_Humphreys
http://www.wikidata.org/entity/Q261113;http://commons.wikimedia.org/wiki/Special:FilePath/Noel%20Ignatiev.jpg;http://www.wikidata.org/entity/Q7047010;Noel Ignatiev;American author and historian (1940–2019);https://en.wikipedia.org/wiki/Noel_Ignatiev
http://www.wikidata.org/entity/Q261113;http://commons.wikimedia.org/wiki/Special:FilePath/Noel%20MacNeal%20Photo%20Op%20GalaxyCon%20Raleigh%202023.jpg;http://www.wikidata.org/entity/Q7047085;Noel MacNeal;American puppeteer and additional performer;https://en.wikipedia.org/wiki/Noel_MacNeal
http://www.wikidata.org/entity/Q1158394;http://commons.wikimedia.org/wiki/Special:FilePath/Tour%20de%20Romandie%202013%20-%20Stage%205%20-%20Jonathan%20Fumeaux%202.jpg;http://www.wikidata.org/entity/Q1703168;Jonathan Fumeaux;Swiss cyclist;https://en.wikipedia.org/wiki/Jonathan_Fumeaux
http://www.wikidata.org/entity/Q1158394;http://commons.wikimedia.org/wiki/Special:FilePath/20160306%20ZNO%20vs%20DEC%208863.jpg;http://www.wikidata.org/entity/Q1703147;Jonathan D'Aversa;Canadian ice hockey player;https://en.wikipedia.org/wiki/Jonathan_D%27Aversa
http://www.wikidata.org/entity/Q1158394;http://commons.wikimedia.org/wiki/Special:FilePath/Jonathan%20Erdmann%20%28GER%29.png;http://www.wikidata.org/entity/Q1703154;Jonathan Erdmann;German beach volleyball player;https://en.wikipedia.org/wiki/Jonathan_Erdmann
http://www.wikidata.org/entity/Q1158394;http://commons.wikimedia.org/wiki/Special:FilePath/Under%20The%20Skin%20-%20Jonathan%20Glazer%20%289723034506%29%20%28cropped%29.jpg;http://www.wikidata.org/entity/Q1703182;Jonathan Glazer;British film director;https://en.wikipedia.org/wiki/Jonathan_Glazer
http://www.wikidata.org/entity/Q1158394;http://commons.wikimedia.org/wiki/Special:FilePath/Jonathan%20Duhamel%202020.jpg;http://www.wikidata.org/entity/Q1703149;Jonathan Duhamel;Canadian poker player (born 1987);https://en.wikipedia.org/wiki/Jonathan_Duhamel
http://www.wikidata.org/entity/Q1158394;http://commons.wikimedia.org/wiki/Special:FilePath/Jonathan%20Grout.jpg;http://www.wikidata.org/entity/Q1703183;Jonathan Grout;American politician (1737-1807);https://en.wikipedia.org/wiki/Jonathan_Grout
http://www.wikidata.org/entity/Q1158394;http://commons.wikimedia.org/wiki/Special:FilePath/Lord-Jonathan-Hill.jpg;http://www.wikidata.org/entity/Q1703194;Jonathan Hill, Baron Hill of Oareford;British Conservative politician (born 1960);https://en.wikipedia.org/wiki/Jonathan_Hill,_Baron_Hill_of_Oareford
http://www.wikidata.org/entity/Q1158394;http://commons.wikimedia.org/wiki/Special:FilePath/Charlie%20Chan%27s%20Secret%20%281936%29%20-%20Jonathan%20Hale.jpg;http://www.wikidata.org/entity/Q1703185;Jonathan Hale;Canadian actor (1891–1966);https://en.wikipedia.org/wiki/Jonathan_Hale
http://www.wikidata.org/entity/Q1158394;http://commons.wikimedia.org/wiki/Special:FilePath/Jonathan%20Hatch%20Hubbard.jpg;http://www.wikidata.org/entity/Q1703190;Jonathan Hatch Hubbard;American politician (1768-1849);https://en.wikipedia.org/wiki/Jonathan_H._Hubbard
http://www.wikidata.org/entity/Q1158394;http://commons.wikimedia.org/wiki/Special:FilePath/Official%20portrait%20of%20Lord%20Marland%20crop%202%2C%202023.jpg;http://www.wikidata.org/entity/Q1703253;Jonathan Marland, Baron Marland;British businessman (born 1956);https://en.wikipedia.org/wiki/Jonathan_Marland,_Baron_Marland
